[
	{
		"enabled": true,
		"domain": "justthepepper",
		"id": "pepperbell",
		"growthmultiplier": 1.0,
		"cloneable": true,
		"spreadchance": 0.2,
		"seeddropchance": 1.0,
		"seeddropbonus": 0.0,
		"allowSourceStage": 4,
		"MinClipStage": 9,
		"ClipRollbackStage": 2,
		"Clip_products": {
			"Products": [
				{
					"CollectibleCode": "justthepepper:seeds-pepperbell",
					"ItemClass": 1,
					"Avg": 0.5,
					"Var": 0.3,
					"LastDrop": false
				}
			]
		},
		"dependsOn": [ { "modid": "cancrops" } ]
	}
]