{
	"editor": {
		"allAngles": false,
		"entityTextureMode": false
	},
	"textureWidth": 16,
	"textureHeight": 16,
	"textureSizes": {
	},
	"textures": {
		"foliage": "block/plant/crop/bellpepper/normal3-1",
		"normal2": "block/plant/crop/bellpepper/normal3-2",
		"normal3": "block/plant/crop/bellpepper/normal3-3"
	},
	"elements": [
		{
			"name": "origin",
			"from": [ 0.0, 0.0, 0.0 ],
			"to": [ 0.0, 0.0, 0.0 ],
			"rotationOrigin": [ 8.0, 0.0, 8.0 ],
			"faces": {
			},
			"children": [
				{
					"name": "face 1",
					"from": [ -4.0, 0.0, 8.0 ],
					"to": [ 20.0, 48.0, 8.0 ],
					"shade": false,
					"rotationOrigin": [ 8.0, 0.0, 8.0 ],
					"rotationY": -75.0,
					"faces": {
						"north": { "texture": "#foliage", "uv": [ 0.0, 0.0, 16.0, 16.0 ], "autoUv": false, "windMode": [-1,1,1,-1], "windData": [0,3,3,0] }
					}
				},
				{
					"name": "face 2",
					"from": [ -4.0, 0.0, 8.0 ],
					"to": [ 20.0, 48.0, 8.0 ],
					"shade": false,
					"rotationOrigin": [ 8.0, 0.0, 8.0 ],
					"rotationY": -22.0,
					"faces": {
						"north": { "texture": "#normal2", "uv": [ 0.0, 0.0, 16.0, 16.0 ], "autoUv": false, "windMode": [-1,1,1,-1], "windData": [0,3,3,0] }
					}
				},
				{
					"name": "face 63",
					"from": [ -4.0, 0.0, 8.0 ],
					"to": [ 20.0, 48.0, 8.0 ],
					"shade": false,
					"rotationOrigin": [ 8.0, 0.0, 8.0 ],
					"rotationY": -135.0,
					"faces": {
						"north": { "texture": "#normal3", "uv": [ 0.0, 0.0, 16.0, 16.0 ], "autoUv": false, "windMode": [-1,1,1,-1], "windData": [0,3,3,0] }
					}
				}
			]
		}
	]}