{
	"editor": {
		"allAngles": false,
		"entityTextureMode": false
	},
	"textureWidth": 16,
	"textureHeight": 16,
	"textureSizes": {
		"foliage": [16,16],
		"foliage2": [16,16],
		"normal-3": [24,32],
		"normal-2": [24,32],
		"leaves1": [16,16]
	},
	"textures": {
		"foliage": "block/plant/crop/bellpepper/foliage14",
		"leaves1": "block/plant/crop/bellpepper/foliage14",
		"foliage2": "block/plant/crop/bellpepper/normal14-1",
		"normal-2": "block/plant/crop/bellpepper/normal14-2",
		"normal-3": "block/plant/crop/bellpepper/normal14-3"
	},
	"elements": [
		{
			"name": "origin",
			"from": [ 0.0, 0.0, 0.0 ],
			"to": [ 0.0, 0.0, 0.0 ],
			"rotationOrigin": [ 8.0, 0.0, 8.0 ],
			"faces": {
			},
			"children": [
				{
					"name": "face 1",
					"from": [ -4.0, 0.0, 8.0 ],
					"to": [ 20.0, 32.0, 8.0 ],
					"shade": false,
					"rotationOrigin": [ 8.0, 0.0, 8.0 ],
					"rotationY": -75.0,
					"faces": {
						"north": { "texture": "#normal-3", "uv": [ 0.0, 0.0, 24.0, 32.0 ], "autoUv": false, "windMode": [-1,1,1,-1], "windData": [0,2,2,0] }
					}
				},
				{
					"name": "face 2",
					"from": [ -4.0, 0.0, 8.0 ],
					"to": [ 20.0, 32.0, 8.0 ],
					"shade": false,
					"rotationOrigin": [ 8.0, 0.0, 8.0 ],
					"rotationY": -22.0,
					"faces": {
						"north": { "texture": "#normal-2", "uv": [ 0.0, 0.0, 24.0, 32.0 ], "autoUv": false, "windMode": [-1,1,1,-1], "windData": [0,2,2,0] }
					}
				},
				{
					"name": "face 3",
					"from": [ 0.0, 4.0, 8.0 ],
					"to": [ 16.0, 20.0, 8.0 ],
					"shade": false,
					"rotationOrigin": [ 8.0, 4.0, 8.0 ],
					"rotationX": 67.5,
					"rotationY": 10.0,
					"faces": {
						"north": { "texture": "#leaves1", "uv": [ 0.0, 0.0, 16.0, 16.0 ], "autoUv": false, "windMode": [4,3,3,4] }
					}
				},
				{
					"name": "face 4",
					"from": [ 0.0, 3.0, 8.0 ],
					"to": [ 16.0, 19.0, 8.0 ],
					"shade": false,
					"rotationOrigin": [ 8.0, 3.0, 8.0 ],
					"rotationX": -67.5,
					"rotationY": 10.0,
					"faces": {
						"north": { "texture": "#leaves1", "uv": [ 0.0, 0.0, 16.0, 16.0 ], "autoUv": false, "windMode": [4,3,3,4] }
					}
				},
				{
					"name": "face 6",
					"from": [ 0.0, 8.3, 7.6 ],
					"to": [ 16.0, 24.3, 7.6 ],
					"shade": false,
					"rotationOrigin": [ 8.0, 8.0, 8.0 ],
					"rotationX": -100.0,
					"rotationY": -157.5,
					"rotationZ": -90.0,
					"faces": {
						"north": { "texture": "#leaves1", "uv": [ 0.0, 0.0, 16.0, 16.0 ], "autoUv": false, "windMode": [4,3,3,4] }
					}
				},
				{
					"name": "face 7",
					"from": [ 0.0, 5.0, 8.0 ],
					"to": [ 16.0, 21.0, 8.0 ],
					"shade": false,
					"rotationOrigin": [ 8.0, 5.0, 8.0 ],
					"rotationX": -67.5,
					"rotationY": -135.0,
					"rotationZ": -45.0,
					"faces": {
						"north": { "texture": "#leaves1", "uv": [ 0.0, 0.0, 16.0, 16.0 ], "autoUv": false, "windMode": [4,3,3,4], "windData": [0,0,1,0] }
					}
				},
				{
					"name": "face 13",
					"from": [ 0.0, 5.0, 8.0 ],
					"to": [ 16.0, 21.0, 8.0 ],
					"shade": false,
					"rotationOrigin": [ 8.0, 5.0, 8.0 ],
					"rotationX": -90.0,
					"rotationY": -22.5,
					"rotationZ": -90.0,
					"faces": {
						"north": { "texture": "#foliage", "uv": [ 0.0, 0.0, 16.0, 16.0 ], "autoUv": false, "windMode": [4,3,3,4] }
					}
				},
				{
					"name": "face 63",
					"from": [ -4.0, 0.0, 8.0 ],
					"to": [ 20.0, 32.0, 8.0 ],
					"shade": false,
					"rotationOrigin": [ 8.0, 0.0, 8.0 ],
					"rotationY": -135.0,
					"faces": {
						"north": { "texture": "#normal-3", "uv": [ 0.0, 0.0, 24.0, 32.0 ], "autoUv": false, "windMode": [-1,1,1,-1], "windData": [0,2,2,0] }
					}
				}
			]
		}
	]}