[
	{
		"enabled": true,
		"ingredientPattern": "P",
		"ingredients": {
			"P": { "type": "item", "code": "game:vegetable-bellpepper" }
		},
		"width": 1,
		"height": 1,
		"output": { "type": "item", "code": "justthepepper:seeds-pepperbell", "quantity": 1 }
	},
	{
		"enabled": false,
		"ingredientPattern": "KV",
		"recipeGroup": 1,
		"ingredients": {
			"K": {
				"type": "item",
				"code": "game:knife-*",
				"isTool": true
			},
			"V": {
				"type": "item",
				"code": "game:vegetable-bellpepper",
				"returnedStack": {
					"type": "item",
					"code": "justthepepper:seeds-pepperbell",
					"quantity": 1
				}
			}
		},
		"width": 2,
		"height": 1,
		"output": { "type": "item", "code": "expandedfoods:choppedvegetable-bellpepper" }
	},
	{
		"enabled": false,
		"ingredientPattern": "KV",
		"recipeGroup": 1,
		"ingredients": {
			"K": {
				"type": "item",
				"code": "game:cleaver-*",
				"isTool": true
			},
			"V": {
				"type": "item",
				"code": "game:vegetable-bellpepper",
				"returnedStack": {
					"type": "item",
					"code": "justthepepper:seeds-pepperbell",
					"quantity": 1
				}
			}
		},
		"width": 2,
		"height": 1,
		"output": { "type": "item", "code": "expandedfoods:choppedvegetable-bellpepper" }
	}
]